id;priority;topic;data;status;received_at
1;30131;scowl keenly modulo;uh-huh;COMPLETED;2025-03-30
2;13631;the cardboard;splurge sticky;ERROR;2025-03-29
3;29670;wavy;step;COMPLETED;2025-03-30
4;17933;lounge lest;less which scram;WAITING;2025-03-30
5;22177;clonk vice;phooey lashes;WAITING;2025-03-29
6;18569;cruel ligate circa;before;COMPLETED;2025-03-29
7;16298;proud outbid helplessly;scarcely amused;RECEIVED;2025-03-29
8;27902;greatly provided though;hence unfinished consistency;COMPLETED;2025-03-30
9;17152;fervently;underneath astride;COMPLETED;2025-03-30
10;12893;swiftly;carefully;WAITING;2025-03-30
